year,title,binary
2013,21 &amp; Over,FAIL
2012,Dredd 3D,PASS
2013,12 Years a Slave,FAIL
2013,2 Guns,FAIL
2013,42,FAIL
2013,47 Ronin,FAIL
2013,A Good Day to Die Hard,FAIL
2013,About Time,PASS
2013,Admission,PASS
2013,After Earth,FAIL
2013,American Hustle,PASS
2013,August: Osage County,PASS
2013,Beautiful Creatures,PASS
2013,Blue Jasmine,PASS
2013,Captain Phillips,FAIL
2013,Carrie,PASS
2013,Cloudy with a Chance of Meatballs 2,FAIL
2013,Despicable Me 2,PASS
2013,Don Jon,FAIL
2013,Elysium,PASS
2013,Ender&#39;s Game,FAIL
2013,Epic,PASS
2013,Escape from Planet Earth,PASS
2013,Escape Plan,FAIL
2013,Evil Dead,PASS
2013,Fast and Furious 6,PASS
2013,Frozen,PASS
2013,G.I. Joe: Retaliation,PASS
2013,Gangster Squad,FAIL
2013,Gloria,PASS
2013,Gravity,FAIL
2013,Grown Ups 2,FAIL
2013,Hansel &amp; Gretel: Witch Hunters,PASS
2013,Her,FAIL
2013,Identity Thief,FAIL
2013,Insidious: Chapter 2,FAIL
2013,Iron Man 3,FAIL
2013,Jack the Giant Slayer,FAIL
2013,Kick-Ass 2,PASS
2013,Last Vegas,FAIL
2013,Lee Daniels&#39; The Butler,PASS
2013,Machete Kills,PASS
2013,Mama,PASS
2013,Man of Steel,PASS
2013,Nebraska,PASS
2013,Now You See Me,FAIL
2013,Oblivion,FAIL
2013,Olympus Has Fallen,FAIL
2013,Oz the Great and Powerful,PASS
2013,Pacific Rim,FAIL
2013,Pain &amp; Gain,FAIL
2013,Parker,PASS
2013,Peeples,FAIL
2013,Percy Jackson: Sea of Monsters,PASS
2013,Prisoners,PASS
2013,R.I.P.D.,FAIL
2013,Red 2,PASS
2013,Riddick,FAIL
2013,Runner Runner,FAIL
2013,Rush,FAIL
2013,Safe Haven,PASS
2013,Saving Mr. Banks,PASS
2013,Side Effects,PASS
2013,Star Trek Into Darkness,FAIL
2013,Texas Chainsaw 3D,PASS
2013,The Big Wedding,PASS
2013,The Book Thief,PASS
2013,The Call,PASS
2013,The Conjuring,PASS
2013,The Counselor,PASS
2013,The Croods,FAIL
2013,The Family,FAIL
2013,The Fifth Estate,FAIL
2013,The Frozen Ground,FAIL
2013,The Great Gatsby,FAIL
2013,The Hangover part 3,FAIL
2013,The Heat,PASS
2013,The Hobbit: The Desolation of Smaug,FAIL
2013,The Host,FAIL
2013,The Hunger Games: Catching Fire,PASS
2013,The Incredible Burt Wonderstone,FAIL
2013,The Internship,FAIL
2013,The Last Exorcism Part II,PASS
2013,The Lone Ranger,FAIL
2013,The Mortal Instruments: City of Bones,PASS
2013,The Purge,FAIL
2013,The Smurfs 2,PASS
2013,The To Do List,PASS
2013,The Way Way Back,PASS
2013,The Wolf of Wall Street,FAIL
2013,The Wolverine,PASS
2013,The World&#39;s End,FAIL
2013,This Is the End,FAIL
2013,Thor: The Dark World,FAIL
2013,Trance,FAIL
2013,Turbo,FAIL
2013,Warm Bodies,FAIL
2013,We&#39;re the Millers,PASS
2013,White House Down,FAIL
2013,World War Z,FAIL
2012,Abraham Lincoln: Vampire Hunter,FAIL
2012,Act of Valor,FAIL
2012,Amour,FAIL
2012,Anna Karenina,FAIL
2012,Argo,PASS
2012,Battleship,FAIL
2012,Beasts of the Southern Wild,FAIL
2012,Blue Like Jazz,PASS
2012,Brave,PASS
2012,Bullet to the Head,FAIL
2012,Chernobyl Diaries,FAIL
2012,Chronicle,FAIL
2012,Cloud Atlas,PASS
2012,Contraband,PASS
2012,Django Unchained,FAIL
2012,Flight,FAIL
2012,Frankenweenie,FAIL
2012,Hannibal,PASS
2012,Hotel Transylvania,PASS
2012,Jack Reacher,FAIL
2012,Jagten,FAIL
2012,John Carter,PASS
2012,Killing Them Softly,FAIL
2012,Les Miserables,PASS
2012,Life of Pi,FAIL
2012,Lincoln,PASS
2012,Madagascar 3: Europe&#39;s Most Wanted,FAIL
2012,Men in Black III,FAIL
2012,Mirror Mirror,FAIL
2012,Moonrise Kingdom,PASS
2012,Much Ado About Nothing,FAIL
2012,One for the Money,PASS
2012,Paranormal Activity 4,PASS
2012,ParaNorman,FAIL
2012,Parental Guidance,PASS
2012,People Like Us,PASS
2012,Pitch Perfect,PASS
2012,Premium Rush,PASS
2012,Red Dawn,FAIL
2012,Red Tails,FAIL
2012,Rise of the Guardians,FAIL
2012,Rock of Ages,PASS
2012,Safe,FAIL
2012,Safety Not Guaranteed,PASS
2012,Seven Psychopaths,FAIL
2012,Silent Hill: Revelation 3D,PASS
2012,Silver Linings Playbook,PASS
2012,Sinister,FAIL
2012,Skyfall,FAIL
2012,Snow White and the Huntsman,PASS
2012,Sparkle,PASS
2012,Spring Breakers,PASS
2012,Step Up Revolution,PASS
2012,Supporting Characters,FAIL
2012,Ted,FAIL
2012,That&#39;s My Boy,FAIL
2012,The Amazing Spider-Man,FAIL
2012,The Avengers,FAIL
2012,The Dark Knight Rises,FAIL
2012,The Devil Inside,PASS
2012,The Dictator,FAIL
2012,The Expendables 2,PASS
2012,The Grey,FAIL
2012,The Hobbit: An Unexpected Journey,FAIL
2012,The Hunger Games,PASS
2012,The Impossible,FAIL
2012,The Man with the Iron Fists,FAIL
2012,The Master,FAIL
2012,The Pirates! Band of Misfits,FAIL
2012,The Place Beyond the Pines,FAIL
2012,The Twilight Saga: Breaking Dawn - Part 2,FAIL
2012,The Vow,PASS
2012,The Watch,FAIL
2012,The Woman in Black,FAIL
2012,The Words,FAIL
2012,Think Like a Man,PASS
2012,To Rome With Love,FAIL
2012,Total Recall,FAIL
2012,Underworld: Awakening,PASS
2012,Wanderlust,PASS
2012,What to Expect When You&#39;re Expecting,PASS
2012,Won&#39;t Back Down,PASS
2012,Wrath of the Titans,FAIL
2012,Wreck-It Ralph,PASS
2012,Zero Dark Thirty,PASS
2011,30 Minutes or Less,FAIL
2011,50/50,FAIL
2011,A Dangerous Method,FAIL
2011,A Lonely Place to Die,PASS
2011,A Very Harold &amp; Kumar 3D Christmas,FAIL
2011,Another Earth,PASS
2011,Apollo 18,FAIL
2011,Arthur Christmas,FAIL
2011,Attack the Block,PASS
2011,Bad Teacher,PASS
2011,Battle: Los Angeles,FAIL
2011,Beastly,FAIL
2011,Blackthorn,FAIL
2011,Bridesmaids,PASS
2011,Captain America: The First Avenger,FAIL
2011,Cars 2,FAIL
2011,Circumstance,PASS
2011,Colombiana,FAIL
2011,Conan the Barbarian,FAIL
2011,Contagion,PASS
2011,Coriolanus,FAIL
2011,Cowboys &amp; Aliens,FAIL
2011,Detention,PASS
2011,Diary of a Wimpy Kid: Rodrick Rules,FAIL
2011,Dolphin Tale,FAIL
2011,Dream House,PASS
2011,Drive,FAIL
2011,Fast Five,PASS
2011,Final Destination 5,FAIL
2011,Footloose,PASS
2011,Fright Night,FAIL
2011,Green Lantern,FAIL
2011,Hall Pass,FAIL
2011,Hanna,PASS
2011,Harry Potter and the Deathly Hallows: Part 2,FAIL
2011,Haywire,FAIL
2011,Hesher,FAIL
2011,Higher Ground,PASS
2011,Hobo with a Shotgun,FAIL
2011,Hop,FAIL
2011,Horrible Bosses,PASS
2011,Hugo,FAIL
2011,I Am Number Four,FAIL
2011,Immortals,FAIL
2011,In Time,FAIL
2011,Iris,PASS
2011,Jin ling shi san chai,PASS
2011,Johnny English Reborn,FAIL
2011,Jumping the Broom,PASS
2011,Just Go with It,FAIL
2011,Kill List,FAIL
2011,Killer Elite,FAIL
2011,Kung Fu Panda 2,PASS
2011,Le Havre,FAIL
2011,Like Crazy,PASS
2011,Limitless,FAIL
2011,Margaret,PASS
2011,Margin Call,FAIL
2011,Mars Needs Moms,FAIL
2011,Martha Marcy May Marlene,PASS
2011,Melancholia,PASS
2011,Midnight in Paris,PASS
2011,Mission: Impossible - Ghost Protocol,FAIL
2011,Moneyball,FAIL
2011,Mr. Popper&#39;s Penguins,FAIL
2011,New Year&#39;s Eve,PASS
2011,No Strings Attached,PASS
2011,October Baby,PASS
2011,Our Idiot Brother,PASS
2011,Paranormal Activity 3,PASS
2011,Paul,PASS
2011,Pirates of the Caribbean: On Stranger Tides,FAIL
2011,Priest,FAIL
2011,Puss in Boots,FAIL
2011,Rango,FAIL
2011,Real Steel,FAIL
2011,Red Riding Hood,PASS
2011,Red State,PASS
2011,Restless,PASS
2011,Rio,FAIL
2011,Rise of the Planet of the Apes,FAIL
2011,Shame,FAIL
2011,Snow Flower and the Secret Fan,PASS
2011,Soul Surfer,PASS
2011,Source Code,FAIL
2011,Straw Dogs,PASS
2011,Sucker Punch,PASS
2011,Super 8,PASS
2011,Take Shelter,PASS
2011,The Adjustment Bureau,FAIL
2011,The Adventures of Tintin,FAIL
2011,The Artist,FAIL
2011,The Best Exotic Marigold Hotel,PASS
2011,The Cabin in the Woods,FAIL
2011,The Darkest Hour,PASS
2011,The Divide,PASS
2011,The Future,PASS
2011,The Girl with the Dragon Tattoo,FAIL
2011,The Green Hornet,FAIL
2011,The Guard,FAIL
2011,The Help,PASS
2011,The Iron Lady,PASS
2011,The Lincoln Lawyer,FAIL
2011,The Mechanic,FAIL
2011,The Muppets,FAIL
2011,The Rite,FAIL
2011,The Roommate,PASS
2011,The Smurfs,PASS
2011,The Three Musketeers,FAIL
2011,The Tree of Life,FAIL
2011,The Twilight Saga: Breaking Dawn - Part 1,PASS
2011,Thor,PASS
2011,Tinker Tailor Soldier Spy,FAIL
2011,Tower Heist,FAIL
2011,Transformers: Dark of the Moon,PASS
2011,War Horse,FAIL
2011,Warrior,FAIL
2011,We Bought a Zoo,FAIL
2011,Weekend,FAIL
2011,What&#39;s Your Number,PASS
2011,Winnie the Pooh,FAIL
2011,X-Men: First Class,PASS
2011,Young Adult,PASS
2011,Your Sister&#39;s Sister,PASS
2010,127 Hours,FAIL
2010,Alice in Wonderland,PASS
2010,Animal Kingdom,FAIL
2010,Another Year,PASS
2010,Barney&#39;s Version,PASS
2010,Beginners,FAIL
2010,Biutiful,FAIL
2010,Black Swan,PASS
2010,Blue Valentine,FAIL
2010,Burlesque,PASS
2010,Casino Jack,FAIL
2010,Centurion,FAIL
2010,Charlie St. Cloud,FAIL
2010,Clash of the Titans,FAIL
2010,Conviction,PASS
2010,Cop Out,FAIL
2010,Country Strong,PASS
2010,Cyrus,FAIL
2010,Date Night,PASS
2010,Dear John,FAIL
2010,Despicable Me,PASS
2010,Devil,PASS
2010,Diary of a Wimpy Kid,PASS
2010,Dinner for Schmucks,FAIL
2010,Don&#39;t Be Afraid of the Dark,PASS
2010,Due Date,FAIL
2010,Dylan Dog: Dead of Night,FAIL
2010,Easy A,PASS
2010,"Eat, Pray, Love",PASS
2010,Edge of Darkness,FAIL
2010,Everything Must Go,FAIL
2010,Fair Game,PASS
2010,Faster,FAIL
2010,For Colored Girls,PASS
2010,Frozen,FAIL
2010,Get Him To The Greek,FAIL
2010,Going the Distance,PASS
2010,Green Zone,FAIL
2010,Grown Ups,PASS
2010,Gunless,FAIL
2010,Harry Potter and the Deathly Hallows: Part 1,PASS
2010,Hot Tub Time Machine,FAIL
2010,How to Train Your Dragon,PASS
2010,I Am Love,PASS
2010,Inception,FAIL
2010,Insidious,PASS
2010,Iron Man 2,PASS
2010,It&#39;s Kind of a Funny Story,FAIL
2010,Kick-Ass,FAIL
2010,Knight and Day,FAIL
2010,Legion,PASS
2010,Let Me In,FAIL
2010,Letters to Juliet,FAIL
2010,Love and Other Drugs,FAIL
2010,Machete,PASS
2010,Made In Dagenham,PASS
2010,Meek&#39;s Cutoff,FAIL
2010,Megamind,FAIL
2010,Monsters,FAIL
2010,Morning Glory,PASS
2010,Nanny McPhee and the Big Bang,PASS
2010,Never Let Me Go,PASS
2010,Paranormal Activity 2,PASS
2010,Percy Jackson &amp; the Olympians: The Lightning Thief,FAIL
2010,Please Give,PASS
2010,Predators,FAIL
2010,Prince of Persia: The Sands of Time,FAIL
2010,Rabbit Hole,PASS
2010,Ramona and Beezus,PASS
2010,Red,FAIL
2010,Remember Me,PASS
2010,Repo Men,PASS
2010,Robin Hood,FAIL
2010,Salt,PASS
2010,Scott Pilgrim vs. the World,PASS
2010,Secretariat,PASS
2010,Sex and the city 2,PASS
2010,Shrek Forever After,FAIL
2010,Shutter Island,FAIL
2010,Skyline,FAIL
2010,Somewhere,FAIL
2010,Submarine,FAIL
2010,Super,FAIL
2010,Takers,FAIL
2010,Tangled,PASS
2010,The A-Team,FAIL
2010,The Back-up Plan,PASS
2010,The Chronicles of Narnia: The Voyage of the Dawn Treader,PASS
2010,The Conspirator,FAIL
2010,The Crazies,PASS
2010,The Debt,PASS
2010,The Expendables,FAIL
2010,The Fighter,FAIL
2010,The Ghost Writer,FAIL
2010,The Illusionist,FAIL
2010,The Karate Kid,FAIL
2010,The Kids Are All Right,PASS
2010,The Killer Inside Me,FAIL
2010,The King&#39;s Speech,PASS
2010,The Last Airbender,FAIL
2010,The Last Exorcism,PASS
2010,The Losers,FAIL
2010,The Next Three Days,PASS
2010,The Other Guys,FAIL
2010,The Runaways,PASS
2010,The Social Network,FAIL
2010,The Sorcerer&#39;s Apprentice,FAIL
2010,The Spy Next Door,PASS
2010,The Switch,FAIL
2010,The Tempest,PASS
2010,The Tourist,FAIL
2010,The Town,FAIL
2010,The Twilight Saga: Eclipse,PASS
2010,The Wolfman,FAIL
2010,Tiny Furniture,PASS
2010,Toy Story 3,FAIL
2010,Tron Legacy,FAIL
2010,True Grit,PASS
2010,Tucker and Dale vs Evil,PASS
2010,Unstoppable,FAIL
2010,Valentine&#39;s Day,PASS
2010,Wall Street: Money Never Sleeps,FAIL
2010,Welcome to the Rileys,PASS
2010,Wild Target,FAIL
2010,Winter&#39;s Bone,PASS
2010,Womb,PASS
2010,Yogi Bear,FAIL
2010,You Again,PASS
2010,You Will Meet a Tall Dark Stranger,PASS
2009,(500) Days of Summer,FAIL
2009,17 Again,PASS
2009,2012,FAIL
2009,9,FAIL
2009,A Perfect Getaway,FAIL
2009,A Serious Man,FAIL
2009,A Single Man,FAIL
2009,Adam,FAIL
2009,Adventureland,FAIL
2009,Agora,FAIL
2009,Ajami,FAIL
2009,All About Steve,PASS
2009,An Education,PASS
2009,Angels &amp; Demons,FAIL
2009,Armored,FAIL
2009,Astro Boy,FAIL
2009,Avatar,FAIL
2009,Away We Go,PASS
2009,Br&uuml;no,FAIL
2009,Bride Wars,PASS
2009,Bright Star,PASS
2009,Brooklyn&#39;s Finest,FAIL
2009,Brothers,PASS
2009,Capitalism: A Love Story,FAIL
2009,Case 39,PASS
2009,Chloe,FAIL
2009,Cloudy with a Chance of Meatballs,FAIL
2009,Coco avant Chanel,PASS
2009,Coraline,PASS
2009,Daybreakers,FAIL
2009,Dead Snow,FAIL
2009,District 9,FAIL
2009,Drag Me to Hell,PASS
2009,Enter the Void,FAIL
2009,Everybody&#39;s Fine,FAIL
2009,Fantastic Mr. Fox,FAIL
2009,Fast &amp; Furious,FAIL
2009,Fired Up!,FAIL
2009,Fish Tank,PASS
2009,Friday the 13th,FAIL
2009,Funny People,FAIL
2009,G-Force,FAIL
2009,G.I. Joe: The Rise of Cobra,FAIL
2009,Gamer,FAIL
2009,Get Low,FAIL
2009,Harry Brown,FAIL
2009,Harry Potter and the Half-Blood Prince,PASS
2009,He&#39;s Just Not That Into You,PASS
2009,I Come with the Rain,FAIL
2009,I Love You Phillip Morris,FAIL
2009,"I Love You, Man",FAIL
2009,Ice Age: Dawn of the Dinosaurs,FAIL
2009,Inglourious Basterds,FAIL
2009,Invictus,FAIL
2009,It&#39;s Complicated,PASS
2009,Jennifer&#39;s Body,PASS
2009,Julie &amp; Julia,PASS
2009,Knowing,FAIL
2009,Law Abiding Citizen,FAIL
2009,Life During Wartime,PASS
2009,Micmacs (Micmacs &agrave; tire-larigot),FAIL
2009,Monsters vs Aliens,FAIL
2009,Moon,FAIL
2009,Mother and Child,PASS
2009,My Bloody Valentine 3D,FAIL
2009,My Sister&#39;s Keeper,PASS
2009,Nine,FAIL
2009,Ninja Assassin,FAIL
2009,Nowhere Boy,FAIL
2009,Ondine,PASS
2009,Paa,FAIL
2009,Pandorum,FAIL
2009,Perrier&#39;s Bounty,FAIL
2009,Planet 51,FAIL
2009,Precious: Based on the Novel Push by Sapphire,PASS
2009,Public Enemies,FAIL
2009,Push,PASS
2009,Sherlock Holmes,FAIL
2009,Splice,PASS
2009,Star Trek,PASS
2009,State of Play,PASS
2009,Surrogates,FAIL
2009,Terminator Salvation,FAIL
2009,The Blind Side,FAIL
2009,The Boat That Rocked,FAIL
2009,The Boondock Saints II: All Saints Day,FAIL
2009,The Box,PASS
2009,The City of Your Final Destination,PASS
2009,The Final Destination,PASS
2009,The Fourth Kind,PASS
2009,The Girl with the Dragon Tattoo,FAIL
2009,The Girlfriend Experience,FAIL
2009,The Good Guy,PASS
2009,The Hangover,FAIL
2009,The Imaginarium of Doctor Parnassus,FAIL
2009,The Informant!,FAIL
2009,The Invention of Lying,FAIL
2009,The Last Station,PASS
2009,The Lovely Bones,PASS
2009,The Men Who Stare at Goats,FAIL
2009,The Messenger,FAIL
2009,The Princess and the Frog,PASS
2009,The Proposal,FAIL
2009,The Road,FAIL
2009,The Secret of Kells,FAIL
2009,The Soloist,FAIL
2009,The Taking of Pelham 123,FAIL
2009,The Time Traveler&#39;s Wife,FAIL
2009,The Ugly Truth,FAIL
2009,The Unborn,PASS
2009,The Young Victoria,PASS
2009,Transformers: Revenge of the Fallen,PASS
2009,Up,FAIL
2009,Up in the Air,FAIL
2009,Veronika Decides to Die,PASS
2009,Watchmen,FAIL
2009,Whatever Works,FAIL
2009,Where the Wild Things Are,FAIL
2009,Whip It,PASS
2009,Whiteout,PASS
2009,X-Men Origins: Wolverine,FAIL
2009,Yesterday Was a Lie,PASS
2009,Youth in Revolt,FAIL
2009,Zombieland,PASS
2008,21,PASS
2008,Appaloosa,FAIL
2008,Australia,FAIL
2008,Baby Mama,PASS
2008,Be Kind Rewind,FAIL
2008,Bedtime Stories,PASS
2008,Blindness,PASS
2008,Bolt,PASS
2008,Burn After Reading,FAIL
2008,Changeling,PASS
2008,Che: Part One,FAIL
2008,City of Ember,PASS
2008,Cloverfield,PASS
2008,Day of the Dead,PASS
2008,Death Race,FAIL
2008,Defiance,PASS
2008,"Definitely, Maybe",PASS
2008,Doomsday,PASS
2008,Doubt,PASS
2008,Eagle Eye,FAIL
2008,Easy Virtue,PASS
2008,Fireproof,FAIL
2008,Fly Me to the Moon,FAIL
2008,Forgetting Sarah Marshall,PASS
2008,Four Christmases,PASS
2008,Frost/Nixon,FAIL
2008,Frozen River,PASS
2008,Gake no ue no Ponyo,PASS
2008,Ghost Town,FAIL
2008,Gran Torino,FAIL
2008,Hamlet 2,PASS
2008,Hancock,FAIL
2008,Herb &amp; Dorothy,PASS
2008,High School Musical 3: Senior Year,PASS
2008,Igor,FAIL
2008,In Bruges,FAIL
2008,Indiana Jones and the Kingdom of the Crystal Skull,FAIL
2008,Inkheart,PASS
2008,Iron Man,FAIL
2008,Journey to the Center of the Earth,FAIL
2008,Jumper,FAIL
2008,Kung Fu Panda,FAIL
2008,L&aring;t den r&auml;tte komma in (Let the Right One In),FAIL
2008,Made of Honor,FAIL
2008,Max Payne,PASS
2008,Meet Dave,FAIL
2008,Milk,FAIL
2008,Miracle at St. Anna,FAIL
2008,Nick and Norah&#39;s Infinite Playlist,PASS
2008,Nim&#39;s Island,PASS
2008,Pineapple Express,FAIL
2008,Pontypool,FAIL
2008,Possession,PASS
2008,Prom Night,PASS
2008,Quantum of Solace,FAIL
2008,Quarantine,PASS
2008,Rachel Getting Married,PASS
2008,Revolutionary Road,PASS
2008,RocknRolla,FAIL
2008,Seven Pounds,PASS
2008,Sex and the City,PASS
2008,Slumdog Millionaire,FAIL
2008,Speed Racer,PASS
2008,Stargate: The Ark of Truth,FAIL
2008,Step Brothers,FAIL
2008,Sunshine Cleaning,PASS
2008,"Synecdoche, New York",FAIL
2008,Taken,PASS
2008,The Bank Job,PASS
2008,The Brothers Bloom,FAIL
2008,The Chronicles of Narnia: Prince Caspian,PASS
2008,The Curious Case of Benjamin Button,FAIL
2008,The Dark Knight,FAIL
2008,The Day the Earth Stood Still,PASS
2008,The Eye,PASS
2008,The Forbidden Kingdom,FAIL
2008,The House Bunny,PASS
2008,The Hurt Locker,FAIL
2008,The Incredible Hulk,FAIL
2008,The Lucky Ones,PASS
2008,The Other Boleyn Girl,PASS
2008,The Reader,FAIL
2008,The Secret Life of Bees,PASS
2008,The Sisterhood of the Traveling Pants 2,PASS
2008,The Strangers,FAIL
2008,The Tale of Despereaux,PASS
2008,The Women,PASS
2008,The Wrestler,FAIL
2008,Three Kingdoms: Resurrection of the Dragon,FAIL
2008,Transsiberian,PASS
2008,Tropic Thunder,FAIL
2008,Twilight,PASS
2008,Valkyrie,FAIL
2008,Vicky Cristina Barcelona,PASS
2008,WALL-E,FAIL
2008,Waltz with Bashir,FAIL
2008,Wanted,FAIL
2008,"Welcome Home, Roscoe Jenkins",FAIL
2008,Wendy and Lucy,PASS
2008,What Happens In Vegas,PASS
2008,Yes Man,FAIL
2007,[Rec],PASS
2007,1408,PASS
2007,28 Weeks Later,PASS
2007,3:10 to Yuma,FAIL
2007,30 Days of Night,FAIL
2007,88 Minutes,FAIL
2007,Across the Universe,PASS
2007,Atonement,PASS
2007,Becoming Jane,PASS
2007,Beowulf,PASS
2007,Blades of Glory,PASS
2007,Bridge to Terabithia,PASS
2007,Brooklyn Rules,PASS
2007,Charlie Bartlett,FAIL
2007,Charlie Wilson&#39;s War,PASS
2007,Death at a Funeral,PASS
2007,Diary of the Dead,PASS
2007,Disturbia,PASS
2007,Eastern Promises,PASS
2007,Enchanted,PASS
2007,Fantastic Four: Rise of the Silver Surfer,FAIL
2007,Gone Baby Gone,PASS
2007,Hairspray,PASS
2007,Halloween,PASS
2007,Hannibal Rising,FAIL
2007,Harry Potter and the Order of the Phoenix,PASS
2007,Hitman,FAIL
2007,Hostel: Part II,PASS
2007,Hot Fuzz,FAIL
2007,Hot Rod,FAIL
2007,I Am Legend,PASS
2007,Into the Wild,FAIL
2007,Juno,PASS
2007,Knocked Up,PASS
2007,Lars and the real Girl,PASS
2007,Live Free or Die Hard,FAIL
2007,Michael Clayton,FAIL
2007,Music and Lyrics,FAIL
2007,No Country for Old Men,FAIL
2007,No Reservations,PASS
2007,Paranormal Activity,FAIL
2007,Persepolis,PASS
2007,Pirates of the Caribbean: At World&#39;s End,PASS
2007,Premonition,PASS
2007,Ratatouille,FAIL
2007,Resident Evil: Extinction,PASS
2007,Rush Hour 3,FAIL
2007,Shooter,FAIL
2007,Shrek the Third,PASS
2007,St. Trinian&#39;s,PASS
2007,Stardust,PASS
2007,Sunshine,FAIL
2007,Superbad,FAIL
2007,Sydney White,PASS
2007,Teeth,FAIL
2007,The Bucket List,FAIL
2007,The Golden Compass,PASS
2007,The Kite Runner,FAIL
2007,The Man from Earth,FAIL
2007,The Messengers,PASS
2007,The Mist,PASS
2007,The Number 23,FAIL
2007,The Savages,PASS
2007,The Signal,FAIL
2007,The Simpsons Movie,PASS
2007,The Visitor,FAIL
2007,There Will Be Blood,FAIL
2007,TMNT,FAIL
2007,Transformers,FAIL
2007,Tropa de Elite,PASS
2007,Waitress,PASS
2007,We Own the Night,FAIL
2007,White Noise 2: The Light,FAIL
2006,300,FAIL
2006,A Scanner Darkly,FAIL
2006,Akeelah and the Bee,PASS
2006,Aquamarine,PASS
2006,Bandidas,PASS
2006,Black Christmas,PASS
2006,Blood Diamond,FAIL
2006,"Bon Cop, Bad Cop",FAIL
2006,Borat: Cultural Learnings of America for Make Benefit Glorious Nation of Kazakhstan,FAIL
2006,Bug,PASS
2006,Cars,FAIL
2006,Casino Royale,FAIL
2006,Children of Men,PASS
2006,Clerks II,FAIL
2006,Crank,FAIL
2006,Das Leben Der Anderen,FAIL
2006,DOA: Dead or Alive,PASS
2006,El laberinto del fauno (Pan's Labyrinth),PASS
2006,Eragon,FAIL
2006,Fido,FAIL
2006,Final Destination 3,PASS
2006,Flushed Away,FAIL
2006,For Your Consideration,PASS
2006,Friends with Money,PASS
2006,Ice Age: The Meltdown,FAIL
2006,Idlewild,PASS
2006,Inside Man,FAIL
2006,Jackass Number Two,FAIL
2006,Lady in the Water,FAIL
2006,Last Holiday,PASS
2006,Letters from Iwo Jima,FAIL
2006,Little Children,PASS
2006,Little Miss Sunshine,PASS
2006,London To Brighton,PASS
2006,Lucky Number Slevin,FAIL
2006,Man of the Year,FAIL
2006,Marie Antoinette,PASS
2006,Miss Potter,PASS
2006,Monster House,PASS
2006,Nacho Libre,FAIL
2006,Night at the Museum,PASS
2006,Notes on a Scandal,PASS
2006,Once,FAIL
2006,Open Season,FAIL
2006,Paris je t&#39;aime,FAIL
2006,Perfume: The Story of a Murderer,PASS
2006,Pirates of the Caribbean: Dead Man&#39;s Chest,FAIL
2006,Poseidon,FAIL
2006,Quinceanera,PASS
2006,Rang De Basanti,PASS
2006,Running with Scissors,PASS
2006,She&#39;s the Man,FAIL
2006,Sherrybaby,FAIL
2006,Shortbus,PASS
2006,Silent Hill,PASS
2006,Slither,PASS
2006,Smokin&#39; Aces,FAIL
2006,Snakes on a Plane,PASS
2006,Southland Tales,PASS
2006,Stick It,PASS
2006,Stranger Than Fiction,PASS
2006,Superman Returns,FAIL
2006,Take the Lead,PASS
2006,The Ant Bully,FAIL
2006,The Break Up,FAIL
2006,The Da Vinci Code,FAIL
2006,The Dead Girl,PASS
2006,The Departed,FAIL
2006,The Devil Wears Prada,PASS
2006,The Fountain,FAIL
2006,The Grudge 2,PASS
2006,The History Boys,FAIL
2006,The Holiday,PASS
2006,The Host,PASS
2006,The Illusionist,FAIL
2006,The Lake House,FAIL
2006,The Painted Veil,FAIL
2006,The Prestige,FAIL
2006,The Pursuit of Happyness,FAIL
2006,The Queen,FAIL
2006,The Wind That Shakes the Barley,FAIL
2006,Ultraviolet,FAIL
2006,Volver,PASS
2006,We Are Marshall,FAIL
2006,When a Stranger Calls,PASS
2006,Wristcutters: A Love Story,FAIL
2006,X-Men: The Last Stand,PASS
2006,"You, Me and Dupree",FAIL
2006,Zoom,PASS
2006,Zwartboek,PASS
2005,AEon Flux,PASS
2005,Assault on Precinct 13,PASS
2005,Batman Begins,FAIL
2005,Beauty Shop,PASS
2005,Bewitched,PASS
2005,BloodRayne,FAIL
2005,Boogeyman,FAIL
2005,Boynton Beach Club,PASS
2005,Brick,FAIL
2005,Brokeback Mountain,FAIL
2005,Capote,FAIL
2005,Charlie and the Chocolate Factory,PASS
2005,Chinjeolhan geumjassi,PASS
2005,Cinderella Man,FAIL
2005,Coach Carter,PASS
2005,Constantine,FAIL
2005,Conversations with Other Women,FAIL
2005,Corpse Bride,FAIL
2005,Cursed,PASS
2005,Danny the dog,FAIL
2005,Dark Water,PASS
2005,Dear Wendy,FAIL
2005,Domino,PASS
2005,Doom,FAIL
2005,Fantastic Four,FAIL
2005,Flightplan,PASS
2005,Fun with Dick and Jane,PASS
2005,"Good Night, and Good Luck.",FAIL
2005,Hard Candy,PASS
2005,Harry Potter and the Goblet of Fire,FAIL
2005,Herbie Fully Loaded,PASS
2005,Hide and Seek,PASS
2005,Hitch,FAIL
2005,Hoodwinked!,PASS
2005,Hostel,FAIL
2005,Hustle &amp; Flow,FAIL
2005,Ice Princess,PASS
2005,Jarhead,FAIL
2005,Junebug,PASS
2005,Just Like Heaven,PASS
2005,King Kong,FAIL
2005,Kingdom of Heaven,FAIL
2005,Kiss Kiss Bang Bang,FAIL
2005,Lord of War,FAIL
2005,Madagascar,FAIL
2005,Man of the House,PASS
2005,Match Point,PASS
2005,Me and You and Everyone We Know,PASS
2005,Memoirs of a Geisha,PASS
2005,MirrorMask,PASS
2005,Miss Congeniality 2: Armed &amp; Fabulous,PASS
2005,Mr. &amp; Mrs. Smith,FAIL
2005,Munich,FAIL
2005,North Country,PASS
2005,Oliver Twist,FAIL
2005,Pride and Prejudice,PASS
2005,Proof,PASS
2005,Red Eye,PASS
2005,Rent,PASS
2005,Robots,FAIL
2005,Saw II,FAIL
2005,Serenity,PASS
2005,Shopgirl,FAIL
2005,Sin City,PASS
2005,Sisters in Law,PASS
2005,Sky High,PASS
2005,Son of the Mask,FAIL
2005,Star Wars: Episode III - Revenge of the Sith,FAIL
2005,Stealth,FAIL
2005,Strangers with Candy,PASS
2005,Thank You for Smoking,FAIL
2005,The 40 Year Old Virgin,FAIL
2005,The Adventures of Sharkboy and Lavagirl 3-D,FAIL
2005,The Amityville Horror,PASS
2005,The Ballad of Jack and Rose,PASS
2005,"The Chronicles of Narnia: The Lion, the Witch and the Wardrobe",PASS
2005,The Constant Gardener,PASS
2005,The Descent,PASS
2005,The Devil&#39;s Rejects,PASS
2005,The Exorcism of Emily Rose,PASS
2005,The Fog,PASS
2005,The Hitchhiker&#39;s Guide to the Galaxy,FAIL
2005,The Island,PASS
2005,The Jacket,FAIL
2005,The Legend of Zorro,FAIL
2005,The New World,FAIL
2005,The Ring Two,PASS
2005,The Skeleton Key,PASS
2005,The Squid and the Whale,FAIL
2005,The Wedding Date,PASS
2005,Transamerica,PASS
2005,Tristram Shandy: A Cock and Bull Story,FAIL
2005,V for Vendetta,PASS
2005,Waiting...,PASS
2005,Walk the Line,PASS
2005,War of the Worlds,FAIL
2005,Water,PASS
2005,White Noise,FAIL
2005,"Yours, Mine and Ours",PASS
2005,Zathura: A Space Adventure,FAIL
2004,13 Going on 30,PASS
2004,2046,PASS
2004,50 First Dates,FAIL
2004,A Cinderella Story,PASS
2004,A Home at the End of The World,FAIL
2004,A Very Long Engagement,PASS
2004,Anchorman: The Legend of Ron Burgundy,FAIL
2004,Around the World in 80 Days,FAIL
2004,AVP: Alien vs. Predator,FAIL
2004,Banlieue 13,FAIL
2004,Before Sunset,FAIL
2004,Bridget Jones: The Edge of Reason,PASS
2004,Catwoman,PASS
2004,Cellular,PASS
2004,Closer,PASS
2004,Collateral,FAIL
2004,Connie and Carla,PASS
2004,Crash,PASS
2004,D.E.B.S.,PASS
2004,Dawn of the Dead,PASS
2004,Dodgeball: A True Underdog Story,PASS
2004,Ella Enchanted,PASS
2004,Eternal Sunshine of the Spotless Mind,FAIL
2004,Eulogy,PASS
2004,Finding Neverland,PASS
2004,Flight of the Phoenix,FAIL
2004,Garden State,PASS
2004,Harold and Kumar Go to White Castle,PASS
2004,Harry Potter and the Prisoner of  Azkaban,PASS
2004,Hellboy,FAIL
2004,Home on the Range,PASS
2004,I Heart Huckabees,PASS
2004,"I, Robot",FAIL
2004,In Good Company,FAIL
2004,Kinsey,PASS
2004,Kung Fu Hustle,FAIL
2004,Layer Cake,FAIL
2004,Lemony Snicket&#39;s A Series of Unfortunate Events,PASS
2004,Maria Full of Grace,PASS
2004,Mean Girls,PASS
2004,Million Dollar Baby,PASS
2004,Miracle,FAIL
2004,My Summer of Love,PASS
2004,Napoleon Dynamite,FAIL
2004,New York Minute,FAIL
2004,Primer,FAIL
2004,Raising Helen,PASS
2004,Ray,FAIL
2004,Resident Evil: Apocalypse,PASS
2004,Saved!,PASS
2004,Saw,FAIL
2004,Secret Window,FAIL
2004,Shark Tale,FAIL
2004,Shaun of the Dead,PASS
2004,Shrek 2,PASS
2004,Sideways,PASS
2004,Sky Captain and the World of Tomorrow,PASS
2004,Spanglish,PASS
2004,Spider-Man 2,FAIL
2004,Team America: World Police,FAIL
2004,The Aviator,FAIL
2004,The Bourne Supremacy,FAIL
2004,The Butterfly Effect,FAIL
2004,The Chronicles of Riddick,FAIL
2004,The Day After Tomorrow,PASS
2004,The Grudge,PASS
2004,The Incredibles,PASS
2004,The Life Aquatic with Steve Zissou,FAIL
2004,The Notebook,FAIL
2004,The Phantom of the Opera,FAIL
2004,The Polar Express,FAIL
2004,The Princess Diaries 2: Royal Engagement,PASS
2004,The Stepford Wives,PASS
2004,The Terminal,FAIL
2004,The Village,PASS
2004,The Whole Ten Yards,FAIL
2004,Troy,FAIL
2004,Van Helsing,PASS
2004,Vera Drake,PASS
2004,White Chicks,PASS
2004,Wimbledon,PASS
2003,2 Fast 2 Furious,FAIL
2003,21 grams,FAIL
2003,Big Fish,FAIL
2003,Bon voyage,PASS
2003,Bruce Almighty,PASS
2003,Charlie&#39;s Angels: Full Throttle,PASS
2003,Cold Mountain,PASS
2003,Cradle 2 the Grave,FAIL
2003,Daddy Day Care,PASS
2003,Daredevil,FAIL
2003,Darkness Falls,FAIL
2003,Dreamcatcher,FAIL
2003,Final Destination 2,PASS
2003,Finding Nemo,FAIL
2003,Freaky Friday,PASS
2003,Girl with a Pearl Earring,PASS
2003,Goodbye Lenin!,PASS
2003,Holes,FAIL
2003,Hollywood Homicide,FAIL
2003,House of Sand and Fog,PASS
2003,How to Lose a Guy in 10 Days,FAIL
2003,Hulk,FAIL
2003,Identity,FAIL
2003,In the Cut,PASS
2003,Jeepers Creepers II,PASS
2003,Kill Bill: Vol. 1,PASS
2003,Lara Croft Tomb Raider: The Cradle of Life,FAIL
2003,"Legally Blonde 2: Red, White &amp; Blonde",PASS
2003,Les triplettes de Belleville,PASS
2003,Lost In Translation,FAIL
2003,Love Actually,PASS
2003,Master and Commander: The Far Side of the World,FAIL
2003,Mona Lisa Smile,PASS
2003,Monster,PASS
2003,Mystic River,PASS
2003,Peter Pan,PASS
2003,Pirates of the Caribbean: The Curse of the Black Pearl,FAIL
2003,Pride and Prejudice,PASS
2003,S.W.A.T.,PASS
2003,Scary Movie 3,PASS
2003,Secondhand Lions,FAIL
2003,Shanghai Knights,FAIL
2003,Shattered Glass,FAIL
2003,Sinbad: Legend of the Seven Seas,FAIL
2003,Something&#39;s Gotta Give,FAIL
2003,Spy Kids 3-D: Game Over,PASS
2003,Swimming Pool,PASS
2003,Terminator 3: Rise of the Machines,PASS
2003,The Core,PASS
2003,The Italian Job,FAIL
2003,The Jungle Book 2,FAIL
2003,The Last Samurai,FAIL
2003,The League of Extraordinary Gentlemen,FAIL
2003,The Lord of the Rings: The Return of the King,FAIL
2003,The Matrix Reloaded,PASS
2003,The Matrix Revolutions,PASS
2003,The Missing,PASS
2003,The School of Rock,FAIL
2003,Thirteen,PASS
2003,Timeline,FAIL
2003,Undead,PASS
2003,Underworld,FAIL
2003,Wrong Turn,PASS
2003,X2 (X-Men 2),PASS
2002,25th Hour,FAIL
2002,28 Days Later...,PASS
2002,8 femmes,PASS
2002,8 Mile,FAIL
2002,About Schmidt,FAIL
2002,Adaptation,FAIL
2002,All or Nothing,PASS
2002,Antwone Fisher,FAIL
2002,Austin Powers in Goldmember,FAIL
2002,Bend It Like Beckham,PASS
2002,Blade II,FAIL
2002,Blue Crush,PASS
2002,Cabin Fever,PASS
2002,Carrie,PASS
2002,Catch Me If You Can,FAIL
2002,Chicago,PASS
2002,Crossroads,PASS
2002,Death to Smoochy,FAIL
2002,Die Another Day,FAIL
2002,Drumline,FAIL
2002,Equilibrium,FAIL
2002,Far from Heaven,PASS
2002,Frida,FAIL
2002,Funny Ha Ha,PASS
2002,Gangs of New York,FAIL
2002,Gerry,FAIL
2002,Harry Potter and the Chamber of Secrets,PASS
2002,High Crimes,PASS
2002,I Spy,FAIL
2002,Ice Age,FAIL
2002,Igby Goes Down,FAIL
2002,Insomnia,FAIL
2002,Lilo and Stitch,PASS
2002,Maid in Manhattan,PASS
2002,May,PASS
2002,Men in Black II,FAIL
2002,Minority Report,FAIL
2002,Mr Deeds,FAIL
2002,My Big Fat Greek Wedding,PASS
2002,Panic Room,PASS
2002,Phone Booth,FAIL
2002,Queen of the Damned,PASS
2002,Rabbit-Proof Fence,PASS
2002,Real Women Have Curves,PASS
2002,Red Dragon,FAIL
2002,Reign of Fire,FAIL
2002,Resident Evil,PASS
2002,Scooby-Doo,PASS
2002,Signs,FAIL
2002,Snow Dogs,FAIL
2002,Solaris,FAIL
2002,Spider-Man,FAIL
2002,Spirit: Stallion of the Cimarron,FAIL
2002,Spun,PASS
2002,Spy Kids 2: Island of Lost Dreams,PASS
2002,Star Trek: Nemesis,FAIL
2002,Star Wars: Episode II - Attack of the Clones,FAIL
2002,The Adventures of Pluto Nash,FAIL
2002,The Banger Sisters,PASS
2002,The Bourne Identity,FAIL
2002,The Dangerous Lives of Altar Boys,FAIL
2002,The Good Girl,PASS
2002,The Hours,PASS
2002,The Importance of Being Earnest,PASS
2002,The Lord of the Rings: The Two Towers,FAIL
2002,The Powerpuff Girls,PASS
2002,The Quiet American,FAIL
2002,The Ring,PASS
2002,The Rules of Attraction,FAIL
2002,The Santa Clause 2,FAIL
2002,The Sweetest Thing,PASS
2002,The Transporter,FAIL
2002,The Tuxedo,FAIL
2002,Treasure Planet,FAIL
2002,Tuck Everlasting,PASS
2002,Two Weeks Notice,PASS
2002,We Were Soldiers,PASS
2002,Whale Rider,PASS
2002,White Oleander,PASS
2002,xXx,FAIL
2001,A Beautiful Mind,FAIL
2001,A Knight&#39;s Tale,FAIL
2001,Along Came A Spider,PASS
2001,American Outlaws,FAIL
2001,Antitrust,FAIL
2001,Artificial Intelligence: AI,FAIL
2001,Atlantis: The Lost Empire,FAIL
2001,Black Hawk Down,FAIL
2001,Blow,FAIL
2001,Bridget Jones&#39;s Diary,PASS
2001,Don&#39;t Say A Word,PASS
2001,Donnie Darko,FAIL
2001,Dr. Dolittle 2,PASS
2001,Evolution,PASS
2001,From Hell,FAIL
2001,Ghost World,PASS
2001,Gosford Park,PASS
2001,Hannibal,PASS
2001,Harry Potter and the Sorcerer&#39;s Stone,PASS
2001,Hedwig and the Angry Inch,PASS
2001,High Heels and Low Lifes,PASS
2001,Impostor,FAIL
2001,Jason X,PASS
2001,Jay and Silent Bob Strike Back,PASS
2001,Jeepers Creepers,PASS
2001,Josie and the Pussycats,PASS
2001,Kate &amp; Leopold,FAIL
2001,Kiss of the Dragon,FAIL
2001,Kissing Jessica Stein,PASS
2001,L.I.E.,FAIL
2001,Lara Croft: Tomb Raider,FAIL
2001,Legally Blonde,PASS
2001,Lovely and Amazing,PASS
2001,Monkeybone,FAIL
2001,Monsoon Wedding,PASS
2001,"Monsters, Inc.",FAIL
2001,Moulin Rouge!,PASS
2001,Mulholland Dr.,PASS
2001,Nowhere in Africa,PASS
2001,Ocean&#39;s Eleven,FAIL
2001,Osmosis Jones,FAIL
2001,Pearl Harbor,FAIL
2001,Save the Last Dance,PASS
2001,Shallow Hal,PASS
2001,Shaolin Soccer,FAIL
2001,Shrek,FAIL
2001,Someone Like You...,PASS
2001,Spy Kids,PASS
2001,Super Troopers,FAIL
2001,The Fast and the Furious,FAIL
2001,The Glass House,PASS
2001,The Legend of Suriyothai,PASS
2001,The Lord of the Rings: The Fellowship of the Ring,FAIL
2001,The Majestic,FAIL
2001,The One,FAIL
2001,The Others,PASS
2001,The Princess Diaries,PASS
2001,The Royal Tenenbaums,PASS
2001,The Wedding Planner,PASS
2001,Thir13en Ghosts,FAIL
2001,Training Day,FAIL
2001,Valentine,FAIL
2001,Vanilla Sky,FAIL
2001,Zoolander,PASS
2000,28 Days,PASS
2000,Almost Famous,PASS
2000,American Psycho,FAIL
2000,Beautiful Creatures,PASS
2000,Best in Show,PASS
2000,Billy Elliot,PASS
2000,Boiler Room,FAIL
2000,Bring It On,PASS
2000,Cast Away,FAIL
2000,Cecil B. Demented,PASS
2000,Center Stage,PASS
2000,Charlie&#39;s Angels,PASS
2000,Chicken Run,PASS
2000,Chocolat,PASS
2000,Coyote Ugly,FAIL
2000,Dancer in the Dark,PASS
2000,"Dude, Where&#39;s My Car",FAIL
2000,Dune,PASS
2000,Erin Brockovich,PASS
2000,Final Destination,FAIL
2000,Gladiator,FAIL
2000,Gone in Sixty Seconds,FAIL
2000,High Fidelity,FAIL
2000,Hollow Man,PASS
2000,Little Nicky,FAIL
2000,Love &amp; Basketball,PASS
2000,Meet the Parents,FAIL
2000,Memento,FAIL
2000,Miss Congeniality,PASS
2000,Mission to Mars,FAIL
2000,"O Brother, Where Art Thou?",FAIL
2000,Pitch Black,PASS
2000,Pokemon: The Movie 2000,FAIL
2000,Red Planet,FAIL
2000,Remember the Titans,FAIL
2000,Requiem for a Dream,PASS
2000,Return to Me,FAIL
2000,Romeo Must Die,FAIL
2000,Rugrats in Paris:,PASS
2000,Saving Grace,PASS
2000,Scream 3,PASS
2000,Sexy Beast,FAIL
2000,Shanghai Noon,FAIL
2000,Snatch.,FAIL
2000,Songcatcher,PASS
2000,The Beach,FAIL
2000,The Cell,FAIL
2000,The Emperor&#39;s New Groove,PASS
2000,The Gift,FAIL
2000,The Patriot,FAIL
2000,The Road to El Dorado,FAIL
2000,The Way of the Gun,FAIL
2000,The Whole Nine Yards,PASS
2000,Thirteen days,FAIL
2000,Titan A.E.,PASS
2000,Unbreakable,FAIL
2000,Urbania,FAIL
2000,Vertical Limit,FAIL
2000,What Lies Beneath,PASS
2000,What Women Want,FAIL
2000,Where the Heart Is,PASS
2000,"Wo hu cang long (Crouching Tiger, Hidden Dragon)",PASS
2000,X-Men,FAIL
1999,10 Things I Hate About You,PASS
1999,8MM,FAIL
1999,American Beauty,PASS
1999,American Pie,FAIL
1999,Analyze This,FAIL
1999,Anna and the King,FAIL
1999,Anywhere But Here,FAIL
1999,Austin Powers: The Spy Who Shagged Me,FAIL
1999,Being John Malkovich,PASS
1999,Black and White,PASS
1999,Blue Streak,FAIL
1999,Boys Don&#39;t Cry,PASS
1999,But I&#39;m a Cheerleader,PASS
1999,Carrie 2: The Rage,PASS
1999,Cruel Intentions,PASS
1999,Dick,PASS
1999,Dogma,FAIL
1999,Drop Dead Gorgeous,PASS
1999,Election,PASS
1999,Eyes Wide Shut,PASS
1999,Fight Club,FAIL
1999,Flawless,FAIL
1999,For Love of the Game,FAIL
1999,Galaxy Quest,FAIL
1999,"Girl, Interrupted",PASS
1999,Go!,PASS
1999,Jawbreaker,PASS
1999,Magnolia,FAIL
1999,Muppets From Space,PASS
1999,Mystery Men,FAIL
1999,Notting Hill,PASS
1999,Office Space,FAIL
1999,Payback,FAIL
1999,Pocket Monsters: Mewtwo Strikes Back!,FAIL
1999,Ravenous,FAIL
1999,Sleepy Hollow,PASS
1999,South Park: Bigger Longer &amp; Uncut,FAIL
1999,Star Wars: Episode I - The Phantom Menace,PASS
1999,Stuart Little,FAIL
1999,Tarzan,FAIL
1999,The 13th Warrior,FAIL
1999,The Blair Witch Project,PASS
1999,The Boondock Saints,FAIL
1999,The Green Mile,FAIL
1999,The Haunting,PASS
1999,The Iron Giant,FAIL
1999,The Matrix,PASS
1999,The Mummy,FAIL
1999,The Sixth Sense,FAIL
1999,The Talented Mr. Ripley,FAIL
1999,Three to Tango,FAIL
1999,Topsy-Turvy,PASS
1999,Toy Story 2,FAIL
1999,Virus,FAIL
1999,Wild Wild West,FAIL
1999,Wing Commander,FAIL
1998,54,FAIL
1998,A Bug&#39;s Life,PASS
1998,American History X,FAIL
1998,Armageddon,FAIL
1998,Beloved,PASS
1998,Blade,FAIL
1998,Bride of Chucky,FAIL
1998,Buffalo &#39;66,FAIL
1998,Dark City,FAIL
1998,Deep Impact,PASS
1998,Disturbing Behavior,FAIL
1998,Elizabeth,PASS
1998,Enemy of the State,FAIL
1998,Ever After,PASS
1998,Fear and Loathing in Las Vegas,FAIL
1998,Festen (The Celebration),FAIL
1998,Get Real,FAIL
1998,Godzilla,FAIL
1998,Halloween H20: 20 Years Later,PASS
1998,Happiness,PASS
1998,Hope Floats,PASS
1998,Little Voice,PASS
1998,"Lock, Stock and Two Smoking Barrels",FAIL
1998,Lost in Space,PASS
1998,Mercury Rising,FAIL
1998,Mulan,FAIL
1998,Out of Sight,FAIL
1998,Pi,FAIL
1998,Practical Magic,PASS
1998,Primary Colors,PASS
1998,Quest for Camelot,PASS
1998,Rounders,FAIL
1998,Run Lola Run,FAIL
1998,Rush Hour,PASS
1998,Rushmore,FAIL
1998,Safe Men,FAIL
1998,Saving Private Ryan,FAIL
1998,Shakespeare in Love,PASS
1998,Six Days Seven Nights,FAIL
1998,Sliding Doors,PASS
1998,Slums of Beverly Hills,PASS
1998,Small Soldiers,FAIL
1998,Smoke Signals,PASS
1998,Sphere,FAIL
1998,Star Trek: Insurrection,PASS
1998,Stepmom,PASS
1998,The Avengers,PASS
1998,The Big Lebowski,FAIL
1998,The Faculty,FAIL
1998,The Man in the Iron Mask,FAIL
1998,The Mask of Zorro,FAIL
1998,The Negotiator,FAIL
1998,The Prince of Egypt,FAIL
1998,The Proposition,FAIL
1998,The Thin Red Line,FAIL
1998,The Truman Show,FAIL
1998,There&#39;s Something About Mary,PASS
1998,Urban Legend,PASS
1998,Vampires (John Carpenter&#39;s),FAIL
1998,Velvet Goldmine,FAIL
1998,Wild Things,FAIL
1998,You&#39;ve Got Mail,PASS
1997,A Simple Wish,PASS
1997,Air Bud,FAIL
1997,Air Force One,FAIL
1997,Alien: Resurrection,PASS
1997,Anastasia,PASS
1997,As Good as It Gets,PASS
1997,Austin Powers: International Man of Mystery,FAIL
1997,Batman &amp; Robin,FAIL
1997,Boogie Nights,FAIL
1997,Cats Don&#39;t Dance,PASS
1997,Chasing Amy,PASS
1997,Cinderella,PASS
1997,Clockwatchers,PASS
1997,Con Air,FAIL
1997,Conspiracy Theory,FAIL
1997,Contact,PASS
1997,Eve&#39;s Bayou,PASS
1997,Event Horizon,PASS
1997,Fever Pitch,PASS
1997,Flubber,FAIL
1997,G.I. Jane,PASS
1997,Gattaca,FAIL
1997,George of the Jungle,PASS
1997,Good Will Hunting,FAIL
1997,Grosse Pointe Blank,PASS
1997,Hercules,PASS
1997,I Know What You Did Last Summer,PASS
1997,In the Company of Men,FAIL
1997,Jackie Brown,PASS
1997,Kiss the Girls,FAIL
1997,L.A. Confidential,FAIL
1997,Liar Liar,FAIL
1997,Men in Black,FAIL
1997,Mononoke-hime,PASS
1997,Mortal Kombat: Annihilation,PASS
1997,Must love Dogs,FAIL
1997,My Best Friend&#39;s Wedding,FAIL
1997,Orgazmo,FAIL
1997,Scream 2,PASS
1997,Selena,PASS
1997,Smilla&#39;s Sense of Snow,PASS
1997,Spawn,PASS
1997,Starship Troopers,PASS
1997,The Devil&#39;s Advocate,PASS
1997,The Fifth Element,FAIL
1997,The Game,FAIL
1997,The Lost World: Jurassic Park,FAIL
1997,The Peacemaker,FAIL
1997,The Postman,FAIL
1997,Titanic,PASS
1997,Volcano,PASS
1996,August,FAIL
1996,Bound,PASS
1996,Broken Arrow,FAIL
1996,Chain Reaction,FAIL
1996,DragonHeart,FAIL
1996,Emma,PASS
1996,Escape from L.A.,FAIL
1996,Eye for an Eye,PASS
1996,Fargo,PASS
1996,Freeway,PASS
1996,From Dusk Till Dawn,FAIL
1996,Hamlet,FAIL
1996,Harriet the Spy,PASS
1996,Independence Day,PASS
1996,Jingle All the Way,FAIL
1996,Kingpin,FAIL
1996,Love and Other Catastrophes,PASS
1996,Mars Attacks!,PASS
1996,Mission: Impossible,FAIL
1996,Romeo + Juliet,FAIL
1996,Scream,PASS
1996,Secrets &amp; Lies,PASS
1996,Set It Off,PASS
1996,Space Jam,FAIL
1996,Spy Hard,FAIL
1996,Star Trek: First Contact,PASS
1996,Striptease,FAIL
1996,That Thing You Do!,PASS
1996,The Cable Guy,FAIL
1996,The Craft,PASS
1996,The English Patient,PASS
1996,The Fan,FAIL
1996,The First Wives Club,PASS
1996,The Glimmer Man,FAIL
1996,The Hunchback of Notre Dame,FAIL
1996,The Long Kiss Goodnight,FAIL
1996,The Mirror Has Two Faces,PASS
1996,The Rock,FAIL
1996,Trainspotting,FAIL
1996,Twister,PASS
1996,Walking and Talking,PASS
1996,When the Cat&#39;s Away,PASS
1995,Apollo 13,PASS
1995,Assassins,FAIL
1995,Batman Forever,FAIL
1995,Before Sunrise,FAIL
1995,Braveheart,FAIL
1995,Casino,FAIL
1995,Casper,PASS
1995,Clueless,PASS
1995,Congo,FAIL
1995,Copycat,FAIL
1995,Die Hard: With a Vengeance,FAIL
1995,Four rooms,FAIL
1995,Home for the holidays,PASS
1995,Jumanji,PASS
1995,Mallrats,FAIL
1995,Mortal Kombat,FAIL
1995,Outbreak,PASS
1995,Pocahontas,PASS
1995,Pride and Prejudice,PASS
1995,Sabrina,PASS
1995,Safe,PASS
1995,Se7en,FAIL
1995,Sense and Sensibility,PASS
1995,Showgirls,PASS
1995,Species,FAIL
1995,Tank Girl,PASS
1995,The American President,PASS
1995,The Bridges of Madison County,PASS
1995,The Incredibly True Adventures of Two Girls in Love,PASS
1995,The Net,PASS
1995,The Quick and the Dead,FAIL
1995,The Usual Suspects,FAIL
1995,Toy Story,FAIL
1995,Twelve Monkeys,FAIL
1995,Waterworld,FAIL
1995,Welcome to the Dollhouse,PASS
1994,Ace Ventura: Pet Detective,FAIL
1994,Beverly Hills Cop III,FAIL
1994,Clerks.,FAIL
1994,Crooklyn,PASS
1994,Dumb &amp; Dumber,FAIL
1994,Ed Wood,PASS
1994,Forrest Gump,FAIL
1994,Legends of the Fall,PASS
1994,Little Women,PASS
1994,Naked Gun 33 1/3: The Final Insult,FAIL
1994,Police Academy: Mission to Moscow,FAIL
1994,Priest,PASS
1994,Pulp Fiction,PASS
1994,Speed,PASS
1994,Stargate,FAIL
1994,Street Fighter,PASS
1994,The Client,PASS
1994,The Hudsucker Proxy,FAIL
1994,The Lion King,FAIL
1994,The Mask,FAIL
1994,The Santa Clause,FAIL
1994,The Shadow,FAIL
1994,The Shawshank Redemption,FAIL
1994,The Specialist,FAIL
1994,Timecop,FAIL
1994,True Lies,FAIL
1993,Cliffhanger,FAIL
1993,Cool Runnings,FAIL
1993,Dazed and Confused,PASS
1993,Gettysburg,FAIL
1993,Groundhog Day,FAIL
1993,Hocus Pocus,PASS
1993,Jurassic Park,PASS
1993,Mrs. Doubtfire,PASS
1993,Pieces of April,PASS
1993,Schindler&#39;s List,PASS
1993,Super Mario Bros.,FAIL
1993,The Age of Innocence,PASS
1993,The Fugitive,FAIL
1993,The Princess and the Cobbler,FAIL
1993,The Remains of the Day,FAIL
1993,Tombstone,PASS
1992,A Few Good Men,FAIL
1992,A League of Their Own,PASS
1992,Aladdin,FAIL
1992,Alien 3,FAIL
1992,Army of Darkness,FAIL
1992,Batman Returns,FAIL
1992,Buffy the Vampire Slayer,PASS
1992,Death Becomes Her,PASS
1992,El Mariachi,FAIL
1992,Glengarry Glen Ross,FAIL
1992,Hero,FAIL
1992,Home Alone 2: Lost in New York,FAIL
1992,Malcolm X,FAIL
1992,My Cousin Vinny,FAIL
1992,Reservoir Dogs,FAIL
1992,The Crying Game,FAIL
1992,The Mighty Ducks,FAIL
1992,The Muppet Christmas Carol,FAIL
1992,The Player,PASS
1992,Wayne&#39;s World,FAIL
1991,Beauty and the Beast,PASS
1991,Bill &amp; Ted&#39;s Bogus Journey,FAIL
1991,Hook,FAIL
1991,Hudson Hawk,PASS
1991,Robin Hood: Prince of Thieves,FAIL
1991,Slacker,PASS
1991,Star Trek VI: The Undiscovered Country,FAIL
1991,Teenage Mutant Ninja Turtles II: The Secret of the Ooze,PASS
1991,Terminator 2: Judgement Day,FAIL
1991,The Addams Family,PASS
1991,The Naked Gun 2 1/2: The Smell of Fear,FAIL
1991,The Silence of the Lambs,PASS
1991,White Fang,FAIL
1990,Back to the Future Part III,FAIL
1990,Child&#39;s Play 2,PASS
1990,Dark Angel (I Come in Peace),FAIL
1990,Die Hard 2,FAIL
1990,Edward Scissorhands,PASS
1990,Flatliners,PASS
1990,Ghost,FAIL
1990,Goodfellas,FAIL
1990,Home Alone,FAIL
1990,Nikita,PASS
1990,Predator 2,FAIL
1990,Pretty Woman,PASS
1990,The Hunt for Red October,FAIL
1990,Total Recall,FAIL
1990,Tremors,PASS
1989,Back to the Future Part II,PASS
1989,Batman,FAIL
1989,Bill &amp; Ted&#39;s Excellent Adventure,FAIL
1989,Dead Poets Society,FAIL
1989,Henry V,PASS
1989,Indiana Jones and the Last Crusade,FAIL
1989,Licence to Kill,FAIL
1989,Major League,FAIL
1989,Road House,FAIL
1989,"Sex, Lies, and Videotape",FAIL
1989,Star Trek V: The Final Frontier,FAIL
1989,The Abyss,PASS
1989,Troop Beverly Hills,PASS
1989,UHF,FAIL
1988,Action Jackson,FAIL
1988,Akira,FAIL
1988,Beetle Juice,PASS
1988,Bloodsport,FAIL
1988,Child&#39;s Play,PASS
1988,Dangerous Liaisons,PASS
1988,Die Hard,PASS
1988,Midnight Run,FAIL
1988,My Stepmother Is an Alien,PASS
1988,Mystic Pizza,PASS
1988,Poltergeist III,PASS
1988,Rain Man,FAIL
1988,Scrooged,PASS
1988,The Land Before Time,PASS
1988,The Last Temptation of Christ,FAIL
1988,They Live,FAIL
1988,Twins,FAIL
1988,Who Framed Roger Rabbit,FAIL
1988,Young Guns,FAIL
1987,Beverly Hills Cop II,FAIL
1987,Evil Dead II,FAIL
1987,Fatal Attraction,FAIL
1987,"Good Morning, Vietnam",FAIL
1987,Hellraiser,PASS
1987,Lethal Weapon,FAIL
1987,Predator,FAIL
1987,Radio Days,FAIL
1987,RoboCop,FAIL
1987,Spaceballs,FAIL
1987,Superman IV: The Quest for Peace,PASS
1987,The Last Emperor,FAIL
1987,The Lost Boys,FAIL
1987,The Princess Bride,FAIL
1986,Aliens,PASS
1986,Crocodile Dundee,FAIL
1986,Highlander,PASS
1986,Howard The Duck,FAIL
1986,Little Shop of Horrors,FAIL
1986,Peggy Sue Got Married,PASS
1986,Platoon,FAIL
1986,Stand By Me,FAIL
1986,The Clan of the Cave Bear,PASS
1986,Top Gun,FAIL
1985,Back to the Future,FAIL
1985,Brazil,PASS
1985,Commando,FAIL
1985,Day of the Dead,FAIL
1985,Ladyhawke,FAIL
1985,Legend,FAIL
1985,My Beautiful Laundrette,FAIL
1985,Red Sonja,PASS
1985,Return to Oz,PASS
1985,The Color Purple,PASS
1984,A nightmare on Elm Street,FAIL
1984,Amadeus,PASS
1984,Beverly Hills Cop,FAIL
1984,Body Double,FAIL
1984,Conan the Destroyer,FAIL
1984,Dune,FAIL
1984,Friday the 13th Part IV: The Final Chapter,PASS
1984,Ghostbusters,FAIL
1984,Gremlins,FAIL
1984,Indiana Jones and the Temple of Doom,FAIL
1984,Police Academy,FAIL
1984,Repo Man,FAIL
1984,Splash,FAIL
1984,Star Trek III: The Search for Spock,FAIL
1984,The Karate Kid,PASS
1984,The Terminator,FAIL
1983,Flashdance,PASS
1983,Star Wars: Episode VI - Return of the Jedi,FAIL
1983,Superman III,PASS
1983,Videodrome,FAIL
1983,WarGames,FAIL
1982,Blade Runner,FAIL
1982,Cat People,PASS
1982,Conan the Barbarian,FAIL
1982,Diner,FAIL
1982,E.T.: The Extra-Terrestrial,FAIL
1982,Fast Times at Ridgemont High,FAIL
1982,First Blood,FAIL
1982,Friday the 13th Part III,FAIL
1982,Poltergeist,PASS
1982,Porky&#39;s,FAIL
1982,Star Trek: The Wrath of Khan,FAIL
1982,The Best Little Whorehouse in Texas,PASS
1982,Tootsie,FAIL
1982,TRON,FAIL
1981,Das Boot,FAIL
1981,Escape from New York,FAIL
1981,Friday the 13th Part 2,FAIL
1981,Halloween II,PASS
1981,Heavy Metal,FAIL
1981,History of the World: Part I,FAIL
1981,Raiders of the Lost Ark,FAIL
1981,The Evil Dead,FAIL
1981,Time Bandits,FAIL
1980,Airplane!,FAIL
1980,Can&#39;t Stop the Music,PASS
1980,Fame,PASS
1980,Flash Gordon,FAIL
1980,Friday the 13th,FAIL
1980,Heaven&#39;s Gate,FAIL
1980,Private Benjamin,PASS
1980,Raging Bull,FAIL
1980,Somewhere in Time,FAIL
1980,Star Wars: Episode V - The Empire Strikes Back,FAIL
1980,Superman II,FAIL
1980,The Blues Brothers,FAIL
1980,The Fog,PASS
1980,The Shining,FAIL
1979,Alien,PASS
1979,Apocalypse Now,FAIL
1979,Moonraker,FAIL
1979,Star Trek: The Motion Picture,FAIL
1979,The Amityville Horror,PASS
1978,Animal House,FAIL
1978,Dawn of the Dead,FAIL
1978,Days of Heaven,PASS
1978,Grease,PASS
1978,Halloween,FAIL
1978,I Spit on Your Grave,FAIL
1978,Superman,FAIL
1978,The Deer Hunter,FAIL
1977,A Bridge Too Far,FAIL
1977,Annie Hall,PASS
1977,Close Encounters of the Third Kind,FAIL
1977,Eraserhead,FAIL
1977,High Anxiety,FAIL
1977,Julia,PASS
1977,Star Wars,FAIL
1976,Assault on Precinct 13,FAIL
1976,Family Plot,PASS
1976,Logan&#39;s Run,FAIL
1976,Network,PASS
1976,Rocky,FAIL
1976,Silent Movie,FAIL
1976,Sparkle,PASS
1976,Taxi Driver,FAIL
1975,Barry Lyndon,FAIL
1975,Jaws,FAIL
1975,Monty Python and the Holy Grail,FAIL
1975,One Flew Over the Cuckoo&#39;s Nest,FAIL
1975,The Rocky Horror Picture Show,FAIL
1974,Black Christmas,PASS
1974,Blazing Saddles,FAIL
1974,The Conversation,FAIL
1974,The Godfather: Part II,PASS
1974,The Texas Chain Saw Massacre,FAIL
1974,The Towering Inferno,FAIL
1974,Young Frankenstein,FAIL
1973,American Graffiti,FAIL
1973,High Plains Drifter,FAIL
1973,Sleeper,FAIL
1973,The Exorcist,PASS
1973,The Sting,FAIL
1972,1776,FAIL
1972,Pink Flamingos,PASS
1972,The Godfather,FAIL
1971,Escape from the Planet of the Apes,FAIL
1971,Shaft,FAIL
1971,Straw Dogs,FAIL
1971,The French Connection,FAIL
1971,Willy Wonka &amp; the Chocolate Factory,FAIL
1970,Beyond the Valley of the Dolls,PASS
